Morton Lind,insane_heisenberg,jovial_wright,insane_heisenberg@gmail.com,ROLE_ADMIN
Lulu Hintz,desperate_leavitt,silly_kilby,desperate_leavitt@gmail.com,ROLE_ADMIN
Dr. Zoe Auer,focused_perlman,agitated_easley,focused_perlman@gmail.com,ROLE_ADMIN
Mr. Jose Okuneva DVM,reverent_turing,suspicious_stallman,reverent_turing@gmail.com,ROLE_ADMIN
John Deckow,mad_brahmagupta,hopeful_rosalind,mad_brahmagupta@gmail.com,ROLE_ADMIN
Zander Hirthe DVM,reverent_liskov,thirsty_boyd,reverent_liskov@gmail.com,ROLE_ADMIN
Dr. Eleazar Pacocha,determined_franklin,focused_keller,determined_franklin@gmail.com,ROLE_ADMIN
Nikita Stroman,reverent_colden,prickly_brahmagupta,reverent_colden@gmail.com,ROLE_ADMIN
Mckayla Rippin,jovial_mietner,modest_wozniak,jovial_mietner@gmail.com,ROLE_ADMIN
Princess Howell,mad_jang,sad_northcutt,mad_jang@gmail.com,ROLE_ADMIN
Prof. Jovani Kozey II,evil_allen,dreamy_aryabhata,evil_allen@gmail.com,ROLE_ADMIN
Jennie Howe DDS,drunk_poitras,fervent_noyce,drunk_poitras@gmail.com,ROLE_ADMIN
Dr. Aimee Von,romantic_leavitt,fervent_sinoussi,romantic_leavitt@gmail.com,ROLE_ADMIN
Mr. Elmo Maggio Jr.,grave_yalow,lonely_euclid,grave_yalow@gmail.com,ROLE_ADMIN
Ms. Edna Jerde III,sharp_noyce,hopeful_curie,sharp_noyce@gmail.com,ROLE_ADMIN
Prof. Russ Schamberger III,compassionate_poitras,serene_saha,compassionate_poitras@gmail.com,ROLE_ADMIN
Jennifer Welch,hungry_goldstine,elated_thompson,hungry_goldstine@gmail.com,ROLE_ADMIN
Miss Krista Moore,elegant_mayer,furious_perlman,elegant_mayer@gmail.com,ROLE_ADMIN
Newton Orn,boring_curie,backstabbing_liskov,boring_curie@gmail.com,ROLE_ADMIN
Dr. Edd Konopelski,gloomy_khorana,stupefied_mestorf,gloomy_khorana@gmail.com,ROLE_ADMIN
Cristobal Kshlerin,cranky_spence,sleepy_mcclintock,cranky_spence@gmail.com,ROLE_ADMIN
Kathleen Kerluke,stupefied_raman,sad_ramanujan,stupefied_raman@gmail.com,ROLE_ADMIN
Dana Dicki,loving_ramanujan,distracted_stallman,loving_ramanujan@gmail.com,ROLE_ADMIN
Beverly Ryan,admiring_fermi,jovial_wing,admiring_fermi@gmail.com,ROLE_ADMIN
Kenna Graham,lonely_brahmagupta,jolly_wright,lonely_brahmagupta@gmail.com,ROLE_ADMIN
Billy Pfannerstill,jovial_spence,trusting_hamilton,jovial_spence@gmail.com,ROLE_ADMIN
Bernadette Witting,clever_mccarthy,lonely_babbage,clever_mccarthy@gmail.com,ROLE_ADMIN
Ewell Runolfsson I,serene_borg,goofy_poitras,serene_borg@gmail.com,ROLE_ADMIN
Kellen Hand,desperate_bhabha,furious_ardinghelli,desperate_bhabha@gmail.com,ROLE_ADMIN
Mrs. Phoebe Kertzmann Jr.,backstabbing_wing,trusting_hoover,backstabbing_wing@gmail.com,ROLE_ADMIN
Nikita Hyatt,desperate_wright,grave_easley,desperate_wright@gmail.com,ROLE_ADMIN
Emma Trantow Sr.,sick_brahmagupta,backstabbing_mclean,sick_brahmagupta@gmail.com,ROLE_ADMIN
Dr. Patience Lakin PhD,desperate_bartik,ecstatic_mayer,desperate_bartik@gmail.com,ROLE_ADMIN
Cielo Hermiston,drunk_boyd,cocky_newton,drunk_boyd@gmail.com,ROLE_ADMIN
Ernest Beer,tender_aryabhata,silly_fermi,tender_aryabhata@gmail.com,ROLE_ADMIN
Ella Gutkowski,kickass_torvalds,pensive_hamilton,kickass_torvalds@gmail.com,ROLE_ADMIN
Madelyn Wilderman,stupefied_noyce,backstabbing_kirch,stupefied_noyce@gmail.com,ROLE_ADMIN
Marta Wuckert,stupefied_panini,hopeful_jennings,stupefied_panini@gmail.com,ROLE_ADMIN
Ignacio Kozey PhD,fervent_bose,pensive_spence,fervent_bose@gmail.com,ROLE_ADMIN
Ms. Jailyn Gorczany IV,cocky_swirles,evil_williams,cocky_swirles@gmail.com,ROLE_ADMIN
Prof. Jamison Becker IV,jolly_fermat,fervent_tesla,jolly_fermat@gmail.com,ROLE_ADMIN
Chadd McLaughlin,determined_sinoussi,focused_mclean,determined_sinoussi@gmail.com,ROLE_ADMIN
Delta Gaylord,pensive_austin,naughty_morse,pensive_austin@gmail.com,ROLE_ADMIN
Dr. Leonora Anderson Sr.,condescending_boyd,goofy_bardeen,condescending_boyd@gmail.com,ROLE_ADMIN
Kaycee Osinski,stupefied_bartik,sad_kare,stupefied_bartik@gmail.com,ROLE_ADMIN
Willy Dooley IV,high_hamilton,elegant_cori,high_hamilton@gmail.com,ROLE_ADMIN
Clifton Cremin,jolly_archimedes,berserk_colden,jolly_archimedes@gmail.com,ROLE_ADMIN
Scot Ritchie,evil_wing,ecstatic_lamarr,evil_wing@gmail.com,ROLE_ADMIN
Mrs. Jessica Turner,trusting_lamarr,elated_goldstine,trusting_lamarr@gmail.com,ROLE_ADMIN
Susie Purdy,elated_kowalevski,admiring_feynman,elated_kowalevski@gmail.com,ROLE_ADMIN
Guadalupe Rath,drunk_varahamihira,fervent_swirles,drunk_varahamihira@gmail.com,ROLE_ADMIN
Johathan Kautzer,hopeful_leavitt,berserk_bohr,hopeful_leavitt@gmail.com,ROLE_ADMIN
Keshawn Johnston,condescending_jones,boring_mayer,condescending_jones@gmail.com,ROLE_ADMIN
Reed Gorczany,berserk_poitras,fervent_morse,berserk_poitras@gmail.com,ROLE_ADMIN
Desmond Satterfield,lonely_lamarr,gloomy_einstein,lonely_lamarr@gmail.com,ROLE_ADMIN
Paolo Funk,angry_einstein,serene_aryabhata,angry_einstein@gmail.com,ROLE_ADMIN
Pinkie Reilly,kickass_kirch,elated_mcnulty,kickass_kirch@gmail.com,ROLE_ADMIN
Gerda Huels,hopeful_bartik,lonely_lumiere,hopeful_bartik@gmail.com,ROLE_ADMIN
Roxane Lindgren DDS,angry_hodgkin,sharp_feynman,angry_hodgkin@gmail.com,ROLE_ADMIN
Danielle Doyle,berserk_torvalds,drunk_rosalind,berserk_torvalds@gmail.com,ROLE_ADMIN
Brionna Miller III,focused_galileo,boring_mclean,focused_galileo@gmail.com,ROLE_ADMIN
Roselyn Hackett PhD,prickly_bartik,cocky_brahmagupta,prickly_bartik@gmail.com,ROLE_ADMIN
Noemi Crist,naughty_euclid,sleepy_franklin,naughty_euclid@gmail.com,ROLE_ADMIN
Reed Grant,jolly_hamilton,sick_poincare,jolly_hamilton@gmail.com,ROLE_ADMIN
Prof. Aurelia Herzog DDS,admiring_hopper,reverent_chandrasekhar,admiring_hopper@gmail.com,ROLE_ADMIN
Jovani Kovacek DDS,suspicious_pare,goofy_thompson,suspicious_pare@gmail.com,ROLE_ADMIN
Dawn Hamill II,serene_bohr,admiring_morse,serene_bohr@gmail.com,ROLE_ADMIN
Neha Torphy,kickass_ardinghelli,agitated_galileo,kickass_ardinghelli@gmail.com,ROLE_ADMIN
Irma Lockman,serene_mestorf,condescending_payne,serene_mestorf@gmail.com,ROLE_ADMIN
Mrs. Elvera Hessel,fervent_dubinsky,lonely_kirch,fervent_dubinsky@gmail.com,ROLE_ADMIN
Ms. Marilie Keebler,condescending_mcclintock,stoic_mclean,condescending_mcclintock@gmail.com,ROLE_ADMIN
Rebeca Luettgen DVM,drunk_sammet,grave_turing,drunk_sammet@gmail.com,ROLE_ADMIN
Jeramie Schmeler,kickass_euclid,high_leavitt,kickass_euclid@gmail.com,ROLE_ADMIN
Ms. Virgie Franecki IV,sad_mietner,suspicious_archimedes,sad_mietner@gmail.com,ROLE_ADMIN
Dr. Noe Windler Sr.,lonely_sammet,evil_torvalds,lonely_sammet@gmail.com,ROLE_ADMIN
Kylie Lueilwitz,boring_newton,dreamy_mestorf,boring_newton@gmail.com,ROLE_ADMIN
Maribel Heathcote,serene_goldberg,elated_goldstine,serene_goldberg@gmail.com,ROLE_ADMIN
Libby Carter,hopeful_boyd,compassionate_kirch,hopeful_boyd@gmail.com,ROLE_ADMIN
Brielle Grady,silly_varahamihira,hungry_bartik,silly_varahamihira@gmail.com,ROLE_ADMIN
Gerald Hilpert,hungry_goldberg,gloomy_brahmagupta,hungry_goldberg@gmail.com,ROLE_ADMIN
Jeanne Bartell,sharp_pike,trusting_cray,sharp_pike@gmail.com,ROLE_ADMIN
Dennis Stehr,mad_nobel,elated_nobel,mad_nobel@gmail.com,ROLE_ADMIN
Tara Mitchell,silly_hodgkin,desperate_poincare,silly_hodgkin@gmail.com,ROLE_ADMIN
Lucienne VonRueden,happy_boyd,elated_ardinghelli,happy_boyd@gmail.com,ROLE_ADMIN
Randall Wintheiser,trusting_boyd,dreamy_leavitt,trusting_boyd@gmail.com,ROLE_ADMIN
Eleanora Waters,elated_swanson,backstabbing_lalande,elated_swanson@gmail.com,ROLE_ADMIN
Watson Murazik,modest_wing,happy_mayer,modest_wing@gmail.com,ROLE_ADMIN
Maiya Braun,prickly_visvesvaraya,naughty_hawking,prickly_visvesvaraya@gmail.com,ROLE_ADMIN
Elena Greenfelder IV,loving_kowalevski,loving_spence,loving_kowalevski@gmail.com,ROLE_ADMIN
Savanah Miller Jr.,naughty_goldstine,angry_saha,naughty_goldstine@gmail.com,ROLE_ADMIN
Burnice Cronin,grave_babbage,condescending_hamilton,grave_babbage@gmail.com,ROLE_ADMIN
Norbert Shields,stoic_hawking,ecstatic_kirch,stoic_hawking@gmail.com,ROLE_ADMIN
Bud Blick,distracted_cori,stoic_feynman,distracted_cori@gmail.com,ROLE_ADMIN
Kitty Botsford,determined_northcutt,suspicious_bohr,determined_northcutt@gmail.com,ROLE_ADMIN
Maurine Gislason,furious_visvesvaraya,fervent_brattain,furious_visvesvaraya@gmail.com,ROLE_ADMIN
Fabiola Klocko,clever_kilby,naughty_wozniak,clever_kilby@gmail.com,ROLE_ADMIN
Terrance Conroy IV,sharp_lumiere,reverent_pare,sharp_lumiere@gmail.com,ROLE_ADMIN
Prof. Garett Dare,determined_morse,stoic_wozniak,determined_morse@gmail.com,ROLE_ADMIN
Leanna Frami,sleepy_raman,stoic_yalow,sleepy_raman@gmail.com,ROLE_ADMIN
Leola Ortiz,admiring_wright,prickly_darwin,admiring_wright@gmail.com,ROLE_ADMIN
Dr. Isabelle Price,happy_kilby,stoic_hamilton,happy_kilby@gmail.com,ROLE_ADMIN
Presley Grant,kickass_rosalind,suspicious_ptolemy,kickass_rosalind@gmail.com,ROLE_ADMIN
Emily Bogisich,furious_payne,stoic_kowalevski,furious_payne@gmail.com,ROLE_ADMIN
Nasir Hagenes,grave_mayer,silly_wing,grave_mayer@gmail.com,ROLE_ADMIN
Enid Kiehn,clever_snyder,elated_mayer,clever_snyder@gmail.com,ROLE_ADMIN
Randal Feil,evil_yonath,ecstatic_bohr,evil_yonath@gmail.com,ROLE_ADMIN
Brennan Boyle,suspicious_poincare,adoring_hodgkin,suspicious_poincare@gmail.com,ROLE_ADMIN
Kayley Ledner PhD,prickly_varahamihira,elegant_meitner,prickly_varahamihira@gmail.com,ROLE_ADMIN
Miss Theodora Ebert,sick_wing,lonely_einstein,sick_wing@gmail.com,ROLE_ADMIN
Prof. Ova Hudson,nostalgic_shockley,furious_swanson,nostalgic_shockley@gmail.com,ROLE_ADMIN
Leland Langworth,admiring_bell,serene_poincare,admiring_bell@gmail.com,ROLE_ADMIN
Ollie Jones,lonely_booth,trusting_cray,lonely_booth@gmail.com,ROLE_ADMIN
Shyanne Lemke,insane_raman,hopeful_goldberg,insane_raman@gmail.com,ROLE_ADMIN
Maryse Block IV,lonely_newton,furious_fermi,lonely_newton@gmail.com,ROLE_ADMIN
Rebeka Erdman,fervent_mahavira,hopeful_aryabhata,fervent_mahavira@gmail.com,ROLE_ADMIN
Desiree Schaefer,elated_euclid,mad_jang,elated_euclid@gmail.com,ROLE_ADMIN
Prof. Jayda Ziemann DVM,sick_mahavira,focused_yalow,sick_mahavira@gmail.com,ROLE_ADMIN
Luella Satterfield,nostalgic_wing,jolly_babbage,nostalgic_wing@gmail.com,ROLE_ADMIN
Ciara McLaughlin,clever_boyd,insane_blackwell,clever_boyd@gmail.com,ROLE_ADMIN
Lexi Cruickshank DDS,sleepy_jones,dreamy_heisenberg,sleepy_jones@gmail.com,ROLE_ADMIN
Madyson Rutherford,kickass_perlman,jovial_boyd,kickass_perlman@gmail.com,ROLE_ADMIN
Mr. Koby Kerluke,serene_feynman,insane_yonath,serene_feynman@gmail.com,ROLE_ADMIN
Miss Margaretta Block MD,elegant_fermi,jovial_euclid,elegant_fermi@gmail.com,ROLE_ADMIN
Miss Earline Nolan V,fervent_galileo,pensive_engelbart,fervent_galileo@gmail.com,ROLE_ADMIN
Dr. Armand Renner IV,angry_panini,sharp_banach,angry_panini@gmail.com,ROLE_ADMIN
Merritt Sporer,serene_mestorf,serene_nobel,serene_mestorf@gmail.com,ROLE_ADMIN
Claudine Fay,suspicious_perlman,happy_keller,suspicious_perlman@gmail.com,ROLE_ADMIN
Brant Muller,reverent_pare,pensive_leakey,reverent_pare@gmail.com,ROLE_ADMIN
Petra Lubowitz,cranky_elion,condescending_stallman,cranky_elion@gmail.com,ROLE_ADMIN
Warren Powlowski DVM,grave_mccarthy,sad_kare,grave_mccarthy@gmail.com,ROLE_ADMIN
Rudy Kautzer,suspicious_babbage,fervent_brattain,suspicious_babbage@gmail.com,ROLE_ADMIN
Kieran Kling V,modest_brattain,sick_bhabha,modest_brattain@gmail.com,ROLE_ADMIN
Brody Mertz,hopeful_wescoff,condescending_curie,hopeful_wescoff@gmail.com,ROLE_ADMIN
Hilda Bailey MD,stoic_shaw,stoic_banach,stoic_shaw@gmail.com,ROLE_ADMIN
Karli Murphy,reverent_blackwell,serene_heisenberg,reverent_blackwell@gmail.com,ROLE_ADMIN
Raquel Von,dreamy_dubinsky,hopeful_fermi,dreamy_dubinsky@gmail.com,ROLE_ADMIN
Freddie Zieme,clever_tesla,cocky_lalande,clever_tesla@gmail.com,ROLE_ADMIN
Nelle Medhurst,stupefied_kalam,dreamy_kare,stupefied_kalam@gmail.com,ROLE_ADMIN
Jeffry Weimann,prickly_hawking,goofy_cori,prickly_hawking@gmail.com,ROLE_ADMIN
Juwan Farrell,silly_kowalevski,furious_lovelace,silly_kowalevski@gmail.com,ROLE_ADMIN
Cristian Spencer,cocky_almeida,cocky_noyce,cocky_almeida@gmail.com,ROLE_ADMIN
Prof. Tyrese Hane,furious_kare,insane_davinci,furious_kare@gmail.com,ROLE_ADMIN
Mollie Gibson,silly_galileo,gloomy_sammet,silly_galileo@gmail.com,ROLE_ADMIN
Gordon Schaefer,cranky_spence,agitated_davinci,cranky_spence@gmail.com,ROLE_ADMIN
Gloria McCullough,goofy_euclid,modest_hoover,goofy_euclid@gmail.com,ROLE_ADMIN
Mrs. Leatha Schroeder,angry_bose,clever_goodall,angry_bose@gmail.com,ROLE_ADMIN
Justyn Waters,hungry_lalande,silly_yalow,hungry_lalande@gmail.com,ROLE_ADMIN
Brandyn Altenwerth,grave_morse,evil_austin,grave_morse@gmail.com,ROLE_ADMIN
Hannah Welch,sleepy_keller,dreamy_mahavira,sleepy_keller@gmail.com,ROLE_ADMIN
Merl Runte,serene_pike,boring_wescoff,serene_pike@gmail.com,ROLE_ADMIN
Omari Stoltenberg,ecstatic_einstein,mad_thompson,ecstatic_einstein@gmail.com,ROLE_ADMIN
Antonetta Torp,loving_lalande,fervent_albattani,loving_lalande@gmail.com,ROLE_ADMIN
Lorine Bernier,mad_sammet,modest_brahmagupta,mad_sammet@gmail.com,ROLE_ADMIN
Clementine Berge,cranky_lichterman,stupefied_noyce,cranky_lichterman@gmail.com,ROLE_ADMIN
Lauren Berge,sick_khorana,serene_visvesvaraya,sick_khorana@gmail.com,ROLE_ADMIN
Kris Bashirian,backstabbing_bartik,tender_hodgkin,backstabbing_bartik@gmail.com,ROLE_ADMIN
Mrs. Freeda Lowe Sr.,elegant_perlman,drunk_payne,elegant_perlman@gmail.com,ROLE_ADMIN
Dawn Gutmann,goofy_bose,jovial_nobel,goofy_bose@gmail.com,ROLE_ADMIN
Edyth Johnston,cranky_brahmagupta,goofy_hopper,cranky_brahmagupta@gmail.com,ROLE_ADMIN
Mr. Jo Wintheiser V,grave_meitner,boring_brown,grave_meitner@gmail.com,ROLE_ADMIN
Prof. Antoinette Reynolds II,admiring_albattani,drunk_goodall,admiring_albattani@gmail.com,ROLE_ADMIN
Floyd Zieme,pensive_khorana,clever_feynman,pensive_khorana@gmail.com,ROLE_ADMIN
Cesar Langosh,trusting_northcutt,elegant_kare,trusting_northcutt@gmail.com,ROLE_ADMIN
Lloyd Kshlerin,insane_bartik,prickly_meitner,insane_bartik@gmail.com,ROLE_ADMIN
Hubert Marks I,happy_heisenberg,kickass_boyd,happy_heisenberg@gmail.com,ROLE_ADMIN
Ardith Hayes,trusting_morse,elated_ramanujan,trusting_morse@gmail.com,ROLE_ADMIN
Sammie Klocko,reverent_wing,jolly_swirles,reverent_wing@gmail.com,ROLE_ADMIN
Bernhard Bergstrom MD,lonely_raman,jolly_turing,lonely_raman@gmail.com,ROLE_ADMIN
Mrs. Wilhelmine Lemke,naughty_albattani,tender_aryabhata,naughty_albattani@gmail.com,ROLE_ADMIN
Eleazar Orn,trusting_poitras,admiring_euclid,trusting_poitras@gmail.com,ROLE_ADMIN
William Hamill,loving_almeida,suspicious_elion,loving_almeida@gmail.com,ROLE_ADMIN
Mina Macejkovic,prickly_ardinghelli,agitated_mcclintock,prickly_ardinghelli@gmail.com,ROLE_ADMIN
Roger Huel,silly_pike,tender_jang,silly_pike@gmail.com,ROLE_ADMIN
Prof. Clovis McLaughlin,ecstatic_ramanujan,berserk_cori,ecstatic_ramanujan@gmail.com,ROLE_ADMIN
Hildegard Keeling,sad_swirles,grave_allen,sad_swirles@gmail.com,ROLE_ADMIN
Marcelino Corwin,prickly_ptolemy,high_ardinghelli,prickly_ptolemy@gmail.com,ROLE_ADMIN
Dr. Dallin Stokes,furious_mcclintock,lonely_mestorf,furious_mcclintock@gmail.com,ROLE_ADMIN
Alexandra Mante,pensive_chandrasekhar,nostalgic_varahamihira,pensive_chandrasekhar@gmail.com,ROLE_ADMIN
Josiah Harber,cocky_kilby,sharp_raman,cocky_kilby@gmail.com,ROLE_ADMIN
Lucas Brakus,high_poincare,tender_nobel,high_poincare@gmail.com,ROLE_ADMIN
Linnea Pouros,ecstatic_yonath,prickly_panini,ecstatic_yonath@gmail.com,ROLE_ADMIN
Susanna Mosciski,silly_snyder,jovial_yonath,silly_snyder@gmail.com,ROLE_ADMIN
April Thiel II,fervent_fermi,thirsty_panini,fervent_fermi@gmail.com,ROLE_ADMIN
Nella Bernier,trusting_colden,loving_lamarr,trusting_colden@gmail.com,ROLE_ADMIN
Ole Gibson,furious_kirch,drunk_jang,furious_kirch@gmail.com,ROLE_ADMIN
Mr. Angus Mraz DVM,cranky_goodall,high_spence,cranky_goodall@gmail.com,ROLE_ADMIN
Emmanuel Kemmer Jr.,focused_engelbart,condescending_mestorf,focused_engelbart@gmail.com,ROLE_ADMIN
Prof. Boris Keebler,hopeful_jang,furious_mietner,hopeful_jang@gmail.com,ROLE_ADMIN
Scot Gleason,trusting_sinoussi,pensive_heisenberg,trusting_sinoussi@gmail.com,ROLE_ADMIN
Vivienne Haag,insane_cori,prickly_bell,insane_cori@gmail.com,ROLE_ADMIN
Mr. Isadore Hodkiewicz Sr.,happy_wright,cocky_bose,happy_wright@gmail.com,ROLE_ADMIN
Mr. Paxton Kihn,trusting_wozniak,sharp_hypatia,trusting_wozniak@gmail.com,ROLE_ADMIN
Ms. Kavon Schaefer,tender_hoover,suspicious_cray,tender_hoover@gmail.com,ROLE_ADMIN
Dr. Quinten Luettgen,gloomy_swartz,agitated_booth,gloomy_swartz@gmail.com,ROLE_ADMIN
Prof. Reinhold Hodkiewicz PhD,modest_hopper,berserk_mietner,modest_hopper@gmail.com,ROLE_ADMIN
Ross Larkin II,high_noyce,cranky_ardinghelli,high_noyce@gmail.com,ROLE_ADMIN
Mr. Reinhold Denesik,furious_colden,goofy_davinci,furious_colden@gmail.com,ROLE_ADMIN
Dr. Xander Koss DDS,loving_elion,desperate_albattani,loving_elion@gmail.com,ROLE_ADMIN
Prof. Marquis Russel,distracted_feynman,drunk_archimedes,distracted_feynman@gmail.com,ROLE_ADMIN
Woodrow Skiles,grave_mahavira,lonely_poincare,grave_mahavira@gmail.com,ROLE_ADMIN
Mrs. Maryse Spencer,admiring_torvalds,suspicious_nobel,admiring_torvalds@gmail.com,ROLE_ADMIN
Claude Wolff,elated_payne,nostalgic_euclid,elated_payne@gmail.com,ROLE_ADMIN
Pasquale Schowalter,stupefied_albattani,desperate_lumiere,stupefied_albattani@gmail.com,ROLE_ADMIN
Matt Kling,boring_goldstine,thirsty_turing,boring_goldstine@gmail.com,ROLE_ADMIN
Luigi Balistreri,adoring_mestorf,insane_lalande,adoring_mestorf@gmail.com,ROLE_ADMIN
Maiya Weimann,dreamy_pare,cranky_mccarthy,dreamy_pare@gmail.com,ROLE_ADMIN
Floyd Schiller,jovial_keller,serene_lalande,jovial_keller@gmail.com,ROLE_ADMIN
Mireille Muller Jr.,sick_saha,insane_payne,sick_saha@gmail.com,ROLE_ADMIN
Eileen Runte,backstabbing_snyder,silly_snyder,backstabbing_snyder@gmail.com,ROLE_ADMIN
Prof. Aimee Hegmann,furious_ptolemy,fervent_hugle,furious_ptolemy@gmail.com,ROLE_ADMIN
Emely Hartmann,hungry_easley,dreamy_goldberg,hungry_easley@gmail.com,ROLE_ADMIN
Ms. Madelyn Grady,condescending_borg,grave_wing,condescending_borg@gmail.com,ROLE_ADMIN
Jalyn Kshlerin,evil_kirch,elated_goldberg,evil_kirch@gmail.com,ROLE_ADMIN
Emelie Hirthe,sharp_fermi,stoic_wozniak,sharp_fermi@gmail.com,ROLE_ADMIN
Ms. Hosea Berge,grave_mahavira,drunk_visvesvaraya,grave_mahavira@gmail.com,ROLE_ADMIN
Dr. Geovanny Ledner,loving_wilson,reverent_albattani,loving_wilson@gmail.com,ROLE_ADMIN
Prof. Enos Bruen,grave_hugle,drunk_varahamihira,grave_hugle@gmail.com,ROLE_ADMIN
Veda Prosacco,sleepy_albattani,jovial_mccarthy,sleepy_albattani@gmail.com,ROLE_ADMIN
Annabell Krajcik,trusting_bohr,grave_hugle,trusting_bohr@gmail.com,ROLE_ADMIN
Dr. Justina White MD,romantic_wescoff,pensive_noyce,romantic_wescoff@gmail.com,ROLE_ADMIN
Gaston Lindgren,goofy_lamarr,sad_franklin,goofy_lamarr@gmail.com,ROLE_ADMIN
Dr. Sage Beatty,sick_northcutt,nostalgic_hopper,sick_northcutt@gmail.com,ROLE_ADMIN
Mr. Walton Abbott MD,evil_saha,elegant_euclid,evil_saha@gmail.com,ROLE_ADMIN
Jonas Waters,agitated_elion,gloomy_hawking,agitated_elion@gmail.com,ROLE_ADMIN
Taurean Schuppe,suspicious_noyce,modest_mcclintock,suspicious_noyce@gmail.com,ROLE_ADMIN
Alejandrin Carroll,happy_albattani,sharp_elion,happy_albattani@gmail.com,ROLE_ADMIN
Torey Pfannerstill V,compassionate_ardinghelli,tender_poincare,compassionate_ardinghelli@gmail.com,ROLE_ADMIN
Marge Schultz,drunk_kowalevski,sharp_bohr,drunk_kowalevski@gmail.com,ROLE_ADMIN
Ervin Collins,berserk_brahmagupta,jolly_lumiere,berserk_brahmagupta@gmail.com,ROLE_ADMIN
Orin Bruen DVM,adoring_newton,insane_ardinghelli,adoring_newton@gmail.com,ROLE_ADMIN
Jailyn Goldner,mad_meninsky,berserk_kirch,mad_meninsky@gmail.com,ROLE_ADMIN
Lilyan Erdman V,modest_almeida,clever_booth,modest_almeida@gmail.com,ROLE_ADMIN
Miss Savannah Hilll,goofy_jang,insane_jang,goofy_jang@gmail.com,ROLE_ADMIN
Marie Hyatt,lonely_bartik,suspicious_mayer,lonely_bartik@gmail.com,ROLE_ADMIN
Kenny Cartwright,suspicious_darwin,admiring_liskov,suspicious_darwin@gmail.com,ROLE_ADMIN
Rose Cummings,elated_panini,compassionate_borg,elated_panini@gmail.com,ROLE_ADMIN
Leone Bayer,furious_kalam,insane_elion,furious_kalam@gmail.com,ROLE_ADMIN
Cleta Price,ecstatic_einstein,fervent_mayer,ecstatic_einstein@gmail.com,ROLE_ADMIN
Cooper Beatty DDS,happy_hawking,happy_northcutt,happy_hawking@gmail.com,ROLE_ADMIN
Ramon Wyman,elated_swirles,mad_leakey,elated_swirles@gmail.com,ROLE_ADMIN
Rogers Wilkinson,dreamy_hopper,determined_ardinghelli,dreamy_hopper@gmail.com,ROLE_ADMIN
Megane Wolf,sick_bell,mad_fermi,sick_bell@gmail.com,ROLE_ADMIN
Mr. Hyman O'Kon Sr.,stupefied_swartz,kickass_lumiere,stupefied_swartz@gmail.com,ROLE_ADMIN
Mr. Arjun Batz,lonely_carson,ecstatic_mahavira,lonely_carson@gmail.com,ROLE_ADMIN
Emma Rice,drunk_swanson,pensive_wright,drunk_swanson@gmail.com,ROLE_ADMIN
Grady Nolan,naughty_hawking,loving_perlman,naughty_hawking@gmail.com,ROLE_ADMIN
Madisen Ondricka,desperate_bhabha,ecstatic_lamarr,desperate_bhabha@gmail.com,ROLE_ADMIN
Prof. Sterling Medhurst II,thirsty_newton,goofy_meitner,thirsty_newton@gmail.com,ROLE_ADMIN
Faye Trantow,sleepy_noyce,sad_visvesvaraya,sleepy_noyce@gmail.com,ROLE_ADMIN
Laverne Reilly,adoring_keller,stoic_bartik,adoring_keller@gmail.com,ROLE_ADMIN
Eryn Tremblay,berserk_elion,hopeful_lumiere,berserk_elion@gmail.com,ROLE_ADMIN
Catharine Crooks,mad_goldstine,high_hodgkin,mad_goldstine@gmail.com,ROLE_ADMIN
Mr. Stephan Bednar DVM,happy_northcutt,high_yalow,happy_northcutt@gmail.com,ROLE_ADMIN
Dr. Eddie Borer,goofy_wozniak,elated_pike,goofy_wozniak@gmail.com,ROLE_ADMIN
Carolyne O'Kon,hungry_engelbart,insane_meitner,hungry_engelbart@gmail.com,ROLE_ADMIN
Keven Rohan,hungry_fermat,stoic_poincare,hungry_fermat@gmail.com,ROLE_ADMIN
Diego Kirlin,naughty_panini,modest_hopper,naughty_panini@gmail.com,ROLE_ADMIN
Cordell Boyle,insane_boyd,stupefied_austin,insane_boyd@gmail.com,ROLE_ADMIN
Samara Bartell II,hopeful_banach,trusting_goodall,hopeful_banach@gmail.com,ROLE_ADMIN
Shanny Pagac,tender_khorana,suspicious_mcnulty,tender_khorana@gmail.com,ROLE_ADMIN
Lolita Friesen V,cocky_sammet,clever_hypatia,cocky_sammet@gmail.com,ROLE_ADMIN
Filomena Pollich,insane_morse,dreamy_pare,insane_morse@gmail.com,ROLE_ADMIN
Verla Ebert,focused_payne,sad_sinoussi,focused_payne@gmail.com,ROLE_ADMIN
Cortney King,agitated_kalam,reverent_meninsky,agitated_kalam@gmail.com,ROLE_ADMIN
Mrs. Myrtie Mann,lonely_davinci,happy_keller,lonely_davinci@gmail.com,ROLE_ADMIN
Hershel Torphy,tender_brattain,clever_carson,tender_brattain@gmail.com,ROLE_ADMIN
Maiya Nienow,kickass_leakey,tender_dubinsky,kickass_leakey@gmail.com,ROLE_ADMIN
Alphonso Anderson,serene_yalow,distracted_kowalevski,serene_yalow@gmail.com,ROLE_ADMIN
Cassidy Brakus II,tender_brahmagupta,sad_pike,tender_brahmagupta@gmail.com,ROLE_ADMIN
Prof. Edd Anderson III,evil_spence,sad_mahavira,evil_spence@gmail.com,ROLE_ADMIN
Dr. Ryley Kirlin,naughty_poitras,ecstatic_darwin,naughty_poitras@gmail.com,ROLE_ADMIN
Albina Bartell,jolly_wescoff,grave_keller,jolly_wescoff@gmail.com,ROLE_ADMIN
Deontae Becker,cocky_dubinsky,fervent_bardeen,cocky_dubinsky@gmail.com,ROLE_ADMIN
Gloria Krajcik,jolly_payne,mad_bartik,jolly_payne@gmail.com,ROLE_ADMIN
Eudora Steuber,goofy_turing,jolly_wilson,goofy_turing@gmail.com,ROLE_ADMIN
Alanna Hills,insane_stallman,stupefied_leavitt,insane_stallman@gmail.com,ROLE_ADMIN
Mr. Lawson Ortiz I,admiring_blackwell,sleepy_kalam,admiring_blackwell@gmail.com,ROLE_ADMIN
Rashad Rau,gloomy_brattain,compassionate_wilson,gloomy_brattain@gmail.com,ROLE_ADMIN
Leslie Harris III,angry_yalow,sad_hawking,angry_yalow@gmail.com,ROLE_ADMIN
Vilma Bahringer V,high_jang,insane_varahamihira,high_jang@gmail.com,ROLE_ADMIN
Ethel Keebler,prickly_hypatia,berserk_mahavira,prickly_hypatia@gmail.com,ROLE_ADMIN
Dr. Orval Erdman,berserk_tesla,sharp_jepsen,berserk_tesla@gmail.com,ROLE_ADMIN
Prof. Mathew Bayer V,ecstatic_mestorf,insane_ritchie,ecstatic_mestorf@gmail.com,ROLE_ADMIN
Gladyce Stoltenberg DVM,hopeful_bose,backstabbing_mcnulty,hopeful_bose@gmail.com,ROLE_ADMIN
Fannie Kemmer,elated_torvalds,gloomy_bhabha,elated_torvalds@gmail.com,ROLE_ADMIN
Arturo Durgan,nostalgic_northcutt,angry_hugle,nostalgic_northcutt@gmail.com,ROLE_ADMIN
Emilio Doyle,admiring_mayer,gloomy_ptolemy,admiring_mayer@gmail.com,ROLE_ADMIN
Alexandra Adams,cranky_yonath,stoic_keller,cranky_yonath@gmail.com,ROLE_ADMIN
Pedro Balistreri,condescending_colden,drunk_lalande,condescending_colden@gmail.com,ROLE_ADMIN
Dr. Ethelyn Hessel,mad_mcclintock,tender_feynman,mad_mcclintock@gmail.com,ROLE_ADMIN
Rose Moore,adoring_mcclintock,focused_mestorf,adoring_mcclintock@gmail.com,ROLE_ADMIN
Kyla Quigley,thirsty_jones,pensive_yonath,thirsty_jones@gmail.com,ROLE_ADMIN
Margot Beer,furious_thompson,high_archimedes,furious_thompson@gmail.com,ROLE_ADMIN
Rafaela Deckow,lonely_hamilton,backstabbing_einstein,lonely_hamilton@gmail.com,ROLE_ADMIN
Dr. Elfrieda Considine II,focused_wozniak,furious_khorana,focused_wozniak@gmail.com,ROLE_ADMIN
Beulah Halvorson,mad_liskov,nostalgic_goodall,mad_liskov@gmail.com,ROLE_ADMIN
Fern Mohr,elegant_sammet,boring_bose,elegant_sammet@gmail.com,ROLE_ADMIN
Colleen Feest,admiring_bose,boring_panini,admiring_bose@gmail.com,ROLE_ADMIN
Mr. Kameron Cummerata IV,suspicious_shaw,condescending_sammet,suspicious_shaw@gmail.com,ROLE_ADMIN
Dr. Amani Wisozk MD,angry_goldstine,dreamy_swartz,angry_goldstine@gmail.com,ROLE_ADMIN
Jermaine Quitzon I,goofy_franklin,drunk_meninsky,goofy_franklin@gmail.com,ROLE_ADMIN
Dr. Turner Corkery II,mad_northcutt,berserk_payne,mad_northcutt@gmail.com,ROLE_ADMIN
Garett Hyatt I,boring_liskov,goofy_kirch,boring_liskov@gmail.com,ROLE_ADMIN
Matt Bartell,admiring_mietner,tender_ramanujan,admiring_mietner@gmail.com,ROLE_ADMIN
Brett Funk,jovial_perlman,suspicious_darwin,jovial_perlman@gmail.com,ROLE_ADMIN
Jacquelyn Williamson,cocky_meitner,distracted_kilby,cocky_meitner@gmail.com,ROLE_ADMIN
Chasity Gislason,romantic_mietner,desperate_allen,romantic_mietner@gmail.com,ROLE_ADMIN
Arjun Armstrong,stupefied_swirles,ecstatic_carson,stupefied_swirles@gmail.com,ROLE_ADMIN
Christophe Moore,trusting_dubinsky,hungry_wright,trusting_dubinsky@gmail.com,ROLE_ADMIN
Heloise Hintz IV,clever_yonath,serene_poitras,clever_yonath@gmail.com,ROLE_ADMIN
Buck Feil,grave_williams,mad_sammet,grave_williams@gmail.com,ROLE_ADMIN
Prof. Maude Zboncak,clever_raman,serene_liskov,clever_raman@gmail.com,ROLE_ADMIN
Rossie Parker,serene_spence,prickly_engelbart,serene_spence@gmail.com,ROLE_ADMIN
Reta Larkin,desperate_swanson,jovial_bohr,desperate_swanson@gmail.com,ROLE_ADMIN
Domenic Welch,kickass_varahamihira,boring_mahavira,kickass_varahamihira@gmail.com,ROLE_ADMIN
Ms. Camille Barrows DVM,sick_austin,compassionate_fermi,sick_austin@gmail.com,ROLE_ADMIN
Cheyenne Mills,pensive_kalam,suspicious_wozniak,pensive_kalam@gmail.com,ROLE_ADMIN
Dr. Monte Veum DVM,goofy_mcnulty,drunk_thompson,goofy_mcnulty@gmail.com,ROLE_ADMIN
Brionna Zboncak,elated_varahamihira,thirsty_heisenberg,elated_varahamihira@gmail.com,ROLE_ADMIN
Prof. Jorge Bradtke V,sad_shockley,kickass_cray,sad_shockley@gmail.com,ROLE_ADMIN
Jadon Orn DVM,drunk_kilby,nostalgic_pasteur,drunk_kilby@gmail.com,ROLE_ADMIN
Garett Langosh,cocky_wilson,high_mahavira,cocky_wilson@gmail.com,ROLE_ADMIN
Mr. Elliott Hoeger,hungry_bhabha,stupefied_euclid,hungry_bhabha@gmail.com,ROLE_ADMIN
Pauline Kertzmann,boring_brown,trusting_mccarthy,boring_brown@gmail.com,ROLE_ADMIN
Mrs. Michelle Purdy PhD,focused_blackwell,desperate_yonath,focused_blackwell@gmail.com,ROLE_ADMIN
Ivy Reynolds,nostalgic_einstein,desperate_allen,nostalgic_einstein@gmail.com,ROLE_ADMIN
Oda Corkery,agitated_ritchie,agitated_hamilton,agitated_ritchie@gmail.com,ROLE_ADMIN
Tressa Marvin,elegant_jepsen,berserk_brattain,elegant_jepsen@gmail.com,ROLE_ADMIN
Miss Lessie Lemke,tender_shockley,elated_booth,tender_shockley@gmail.com,ROLE_ADMIN
Morgan Gerlach,determined_northcutt,nostalgic_mietner,determined_northcutt@gmail.com,ROLE_ADMIN
Nathen Hahn,tender_banach,hungry_nobel,tender_banach@gmail.com,ROLE_ADMIN
Alva Kertzmann,reverent_wescoff,romantic_liskov,reverent_wescoff@gmail.com,ROLE_ADMIN
Tanya Larkin Jr.,berserk_goldberg,cocky_brattain,berserk_goldberg@gmail.com,ROLE_ADMIN
Mr. Jamie Wiegand,serene_hodgkin,happy_swanson,serene_hodgkin@gmail.com,ROLE_ADMIN
Dr. Robbie Nikolaus,jolly_khorana,drunk_goldberg,jolly_khorana@gmail.com,ROLE_ADMIN
Lindsey Harber,jolly_bhabha,suspicious_wilson,jolly_bhabha@gmail.com,ROLE_ADMIN
Elfrieda O'Conner,angry_hamilton,stupefied_shaw,angry_hamilton@gmail.com,ROLE_ADMIN
Carmela Cruickshank,sleepy_allen,admiring_hugle,sleepy_allen@gmail.com,ROLE_ADMIN
Anabel Rutherford,furious_bardeen,determined_sammet,furious_bardeen@gmail.com,ROLE_ADMIN
Frederique Hirthe,clever_hoover,happy_bell,clever_hoover@gmail.com,ROLE_ADMIN
Pansy Trantow,adoring_engelbart,berserk_jennings,adoring_engelbart@gmail.com,ROLE_ADMIN
Prof. Odessa Grant MD,angry_lalande,nostalgic_fermat,angry_lalande@gmail.com,ROLE_ADMIN
Dr. Shawna Strosin DVM,gloomy_kilby,stoic_jennings,gloomy_kilby@gmail.com,ROLE_ADMIN
Mallory Ebert,sick_payne,drunk_leavitt,sick_payne@gmail.com,ROLE_ADMIN
Dayna Runolfsdottir,distracted_euclid,suspicious_kirch,distracted_euclid@gmail.com,ROLE_ADMIN
Ellie Trantow,happy_dubinsky,grave_booth,happy_dubinsky@gmail.com,ROLE_ADMIN
Miss Helene Mante,dreamy_franklin,cocky_albattani,dreamy_franklin@gmail.com,ROLE_ADMIN
Litzy Murazik DDS,silly_boyd,mad_carson,silly_boyd@gmail.com,ROLE_ADMIN
Schuyler Turner,jolly_swartz,tender_darwin,jolly_swartz@gmail.com,ROLE_ADMIN
Mr. Benny Doyle,cranky_mahavira,desperate_almeida,cranky_mahavira@gmail.com,ROLE_ADMIN
Delphia Lubowitz,fervent_turing,thirsty_ramanujan,fervent_turing@gmail.com,ROLE_ADMIN
Miss Emmanuelle Barrows DDS,agitated_mayer,elated_carson,agitated_mayer@gmail.com,ROLE_ADMIN
Bernadette Feil,sharp_panini,boring_bartik,sharp_panini@gmail.com,ROLE_ADMIN
Dr. Violet Weimann,agitated_lamarr,cranky_hamilton,agitated_lamarr@gmail.com,ROLE_ADMIN
Dr. Keegan Russel,tender_wescoff,elated_khorana,tender_wescoff@gmail.com,ROLE_ADMIN
Javonte Bradtke,high_keller,kickass_poincare,high_keller@gmail.com,ROLE_ADMIN
Dr. Braden Rippin Jr.,condescending_swartz,serene_archimedes,condescending_swartz@gmail.com,ROLE_ADMIN
Kenneth Bechtelar,gloomy_newton,backstabbing_kalam,gloomy_newton@gmail.com,ROLE_ADMIN
Miss Linnea Orn,loving_booth,admiring_panini,loving_booth@gmail.com,ROLE_ADMIN
Keegan Gorczany,modest_leavitt,prickly_mcnulty,modest_leavitt@gmail.com,ROLE_ADMIN
Prof. Kennedi Rogahn DVM,romantic_feynman,clever_bartik,romantic_feynman@gmail.com,ROLE_ADMIN
Roosevelt Kirlin PhD,angry_allen,determined_raman,angry_allen@gmail.com,ROLE_ADMIN
Hershel Breitenberg V,modest_yalow,hopeful_fermat,modest_yalow@gmail.com,ROLE_ADMIN
Avery Borer DVM,ecstatic_archimedes,thirsty_ptolemy,ecstatic_archimedes@gmail.com,ROLE_ADMIN
Lilliana Corkery,focused_jennings,backstabbing_bohr,focused_jennings@gmail.com,ROLE_ADMIN
Dr. Alden Ankunding V,sad_bohr,ecstatic_mclean,sad_bohr@gmail.com,ROLE_ADMIN
Victor Lockman III,kickass_pare,sick_yonath,kickass_pare@gmail.com,ROLE_ADMIN
Leopoldo Friesen,sharp_babbage,boring_dubinsky,sharp_babbage@gmail.com,ROLE_ADMIN
Salvador Boyle,compassionate_liskov,fervent_lovelace,compassionate_liskov@gmail.com,ROLE_ADMIN
Prof. Muhammad Upton,adoring_yonath,jolly_kare,adoring_yonath@gmail.com,ROLE_ADMIN
Barbara Simonis,dreamy_bartik,modest_hopper,dreamy_bartik@gmail.com,ROLE_ADMIN
Nico Funk,modest_pasteur,prickly_pike,modest_pasteur@gmail.com,ROLE_ADMIN
Mr. Lonzo Cartwright,ecstatic_bose,fervent_wright,ecstatic_bose@gmail.com,ROLE_ADMIN
Prof. Drake Jenkins DDS,ecstatic_swartz,mad_stallman,ecstatic_swartz@gmail.com,ROLE_ADMIN
Jazmin Swaniawski,sleepy_heisenberg,romantic_bell,sleepy_heisenberg@gmail.com,ROLE_ADMIN
Prof. Yazmin Osinski,condescending_poitras,jovial_nobel,condescending_poitras@gmail.com,ROLE_ADMIN
Mrs. Dandre Cronin,reverent_swartz,backstabbing_shockley,reverent_swartz@gmail.com,ROLE_ADMIN
Dr. Dawson Willms Sr.,pensive_poincare,gloomy_darwin,pensive_poincare@gmail.com,ROLE_ADMIN
Mr. Jalen Rath,boring_easley,jolly_jang,boring_easley@gmail.com,ROLE_ADMIN
Brooks Schiller,lonely_payne,nostalgic_spence,lonely_payne@gmail.com,ROLE_ADMIN
Mr. Kaleigh Eichmann DVM,clever_jones,lonely_mahavira,clever_jones@gmail.com,ROLE_ADMIN
Rozella Brekke II,cocky_borg,backstabbing_khorana,cocky_borg@gmail.com,ROLE_ADMIN
Prof. Michelle Reynolds Sr.,angry_jones,angry_feynman,angry_jones@gmail.com,ROLE_ADMIN
Earnest Larkin,sleepy_davinci,silly_bell,sleepy_davinci@gmail.com,ROLE_ADMIN
Yasmine Lueilwitz,furious_pare,hopeful_pasteur,furious_pare@gmail.com,ROLE_ADMIN
Mr. Jonathan Bradtke Jr.,compassionate_bell,jolly_hoover,compassionate_bell@gmail.com,ROLE_ADMIN
Judge Prosacco,backstabbing_allen,ecstatic_curie,backstabbing_allen@gmail.com,ROLE_ADMIN
Mr. Gerald Oberbrunner,insane_kare,distracted_newton,insane_kare@gmail.com,ROLE_ADMIN
Ms. Alice Sanford,focused_jennings,grave_mestorf,focused_jennings@gmail.com,ROLE_ADMIN
Mr. Easter Simonis II,clever_pike,distracted_mcnulty,clever_pike@gmail.com,ROLE_ADMIN
Dr. Madison Casper Sr.,sharp_lumiere,pensive_meitner,sharp_lumiere@gmail.com,ROLE_ADMIN
Bennie Daugherty,stupefied_babbage,admiring_wescoff,stupefied_babbage@gmail.com,ROLE_ADMIN
Otha Nader,fervent_nobel,stupefied_payne,fervent_nobel@gmail.com,ROLE_ADMIN
Rene Bosco DVM,stupefied_fermi,angry_visvesvaraya,stupefied_fermi@gmail.com,ROLE_ADMIN
Yessenia Welch,reverent_panini,cocky_colden,reverent_panini@gmail.com,ROLE_ADMIN
Jayme Larkin,jovial_archimedes,grave_yalow,jovial_archimedes@gmail.com,ROLE_ADMIN
Ms. Graciela Trantow Sr.,serene_brattain,thirsty_nobel,serene_brattain@gmail.com,ROLE_ADMIN
Dr. Isabel Abbott DDS,evil_yalow,sick_chandrasekhar,evil_yalow@gmail.com,ROLE_ADMIN
Norene Swaniawski,suspicious_jepsen,kickass_pasteur,suspicious_jepsen@gmail.com,ROLE_ADMIN
Josefa Mills,dreamy_wozniak,thirsty_lovelace,dreamy_wozniak@gmail.com,ROLE_ADMIN
Mathias Krajcik,thirsty_leakey,silly_hopper,thirsty_leakey@gmail.com,ROLE_ADMIN
Mr. Hiram Grady IV,naughty_dubinsky,kickass_bose,naughty_dubinsky@gmail.com,ROLE_ADMIN
Kelsie Marvin III,suspicious_ritchie,boring_rosalind,suspicious_ritchie@gmail.com,ROLE_ADMIN
Gonzalo Trantow,fervent_ramanujan,naughty_stallman,fervent_ramanujan@gmail.com,ROLE_ADMIN
Erna Bartoletti,serene_cori,sick_goodall,serene_cori@gmail.com,ROLE_ADMIN
Ms. Barbara Mertz Sr.,silly_galileo,mad_brattain,silly_galileo@gmail.com,ROLE_ADMIN
Genevieve Becker,drunk_wilson,elated_snyder,drunk_wilson@gmail.com,ROLE_ADMIN
Wilbert Parker,boring_franklin,dreamy_pasteur,boring_franklin@gmail.com,ROLE_ADMIN
Johanna Metz IV,determined_jones,naughty_poincare,determined_jones@gmail.com,ROLE_ADMIN
Blaise Fritsch PhD,fervent_wing,high_franklin,fervent_wing@gmail.com,ROLE_ADMIN
Prof. Raegan Konopelski,clever_kowalevski,ecstatic_mietner,clever_kowalevski@gmail.com,ROLE_ADMIN
Edwardo Rolfson,high_archimedes,admiring_hypatia,high_archimedes@gmail.com,ROLE_ADMIN
Dr. Keely Swift,trusting_khorana,sick_albattani,trusting_khorana@gmail.com,ROLE_ADMIN
Gavin Nienow,goofy_feynman,fervent_bhabha,goofy_feynman@gmail.com,ROLE_ADMIN
Hermina Hagenes,insane_feynman,sick_turing,insane_feynman@gmail.com,ROLE_ADMIN
Rosamond Hamill IV,tender_aryabhata,cranky_albattani,tender_aryabhata@gmail.com,ROLE_ADMIN
Dr. Althea Ryan II,distracted_varahamihira,sharp_archimedes,distracted_varahamihira@gmail.com,ROLE_ADMIN
Cooper Quitzon,serene_goldberg,suspicious_wescoff,serene_goldberg@gmail.com,ROLE_ADMIN
Halie Robel,adoring_swirles,gloomy_varahamihira,adoring_swirles@gmail.com,ROLE_ADMIN
Kaela Considine,sharp_pasteur,berserk_goodall,sharp_pasteur@gmail.com,ROLE_ADMIN
Nya Stoltenberg PhD,modest_lichterman,sad_swanson,modest_lichterman@gmail.com,ROLE_ADMIN
Fannie Boyer,distracted_mccarthy,determined_hamilton,distracted_mccarthy@gmail.com,ROLE_ADMIN
Sydnee Bins,drunk_cori,stoic_fermat,drunk_cori@gmail.com,ROLE_ADMIN
Melissa Herman,cranky_wescoff,hungry_albattani,cranky_wescoff@gmail.com,ROLE_ADMIN
Jamison Hudson,tender_wright,high_swanson,tender_wright@gmail.com,ROLE_ADMIN
Cristal Lockman,naughty_darwin,cocky_mayer,naughty_darwin@gmail.com,ROLE_ADMIN
Elvis Larkin,cocky_davinci,sad_bose,cocky_davinci@gmail.com,ROLE_ADMIN
Kade Weimann,trusting_leavitt,high_snyder,trusting_leavitt@gmail.com,ROLE_ADMIN
Ms. Zetta Walker MD,clever_mclean,jolly_kare,clever_mclean@gmail.com,ROLE_ADMIN
Tyrique Effertz,jovial_meitner,jolly_allen,jovial_meitner@gmail.com,ROLE_ADMIN
Prof. Josefina Boyer V,mad_lovelace,determined_easley,mad_lovelace@gmail.com,ROLE_ADMIN
Elmer Hegmann,naughty_brown,high_fermat,naughty_brown@gmail.com,ROLE_ADMIN
Jannie Wiza,naughty_lovelace,elated_hawking,naughty_lovelace@gmail.com,ROLE_ADMIN
Rosie Vandervort,mad_hoover,elated_sammet,mad_hoover@gmail.com,ROLE_ADMIN
Prof. Jaime Moore III,elegant_cori,determined_torvalds,elegant_cori@gmail.com,ROLE_ADMIN
Ms. Maya Moen,prickly_bartik,jolly_aryabhata,prickly_bartik@gmail.com,ROLE_ADMIN
Dr. Alanna Swift MD,grave_colden,adoring_panini,grave_colden@gmail.com,ROLE_ADMIN
Prof. Kaylee Anderson Jr.,admiring_bartik,silly_heisenberg,admiring_bartik@gmail.com,ROLE_ADMIN
Mr. Max Hagenes PhD,stupefied_engelbart,fervent_colden,stupefied_engelbart@gmail.com,ROLE_ADMIN
Maymie Lehner,admiring_bhaskara,goofy_hodgkin,admiring_bhaskara@gmail.com,ROLE_ADMIN
Mrs. Elza Beer DVM,mad_mestorf,backstabbing_fermat,mad_mestorf@gmail.com,ROLE_ADMIN
Rosalinda Marks,ecstatic_lumiere,high_swanson,ecstatic_lumiere@gmail.com,ROLE_ADMIN
Gina Cronin IV,compassionate_swirles,insane_sinoussi,compassionate_swirles@gmail.com,ROLE_ADMIN
Braeden Gottlieb,hungry_pike,prickly_jones,hungry_pike@gmail.com,ROLE_ADMIN
Dr. Jaylin Huel,agitated_raman,adoring_galileo,agitated_raman@gmail.com,ROLE_ADMIN
Dr. Dameon Prohaska DVM,boring_bardeen,evil_pike,boring_bardeen@gmail.com,ROLE_ADMIN
Fabiola Homenick,sharp_nobel,angry_swanson,sharp_nobel@gmail.com,ROLE_ADMIN
Ignacio Lehner,lonely_wilson,furious_wing,lonely_wilson@gmail.com,ROLE_ADMIN
Dr. Oran Brown,sick_perlman,grave_lamarr,sick_perlman@gmail.com,ROLE_ADMIN
Willis Schamberger,reverent_engelbart,cranky_raman,reverent_engelbart@gmail.com,ROLE_ADMIN
Emilia Reichel,mad_williams,sharp_ptolemy,mad_williams@gmail.com,ROLE_ADMIN
Dr. Adan Willms V,dreamy_ardinghelli,mad_kilby,dreamy_ardinghelli@gmail.com,ROLE_ADMIN
Finn Beer,romantic_lalande,admiring_fermat,romantic_lalande@gmail.com,ROLE_ADMIN
Ariel Hane,berserk_mayer,elegant_visvesvaraya,berserk_mayer@gmail.com,ROLE_ADMIN
Prof. Maynard Toy V,cocky_banach,evil_booth,cocky_banach@gmail.com,ROLE_ADMIN
Mrs. Mafalda Bogisich DVM,cranky_thompson,stoic_lichterman,cranky_thompson@gmail.com,ROLE_ADMIN
Miss Yasmin Feil,modest_ritchie,backstabbing_hamilton,modest_ritchie@gmail.com,ROLE_ADMIN
Ruthie Lubowitz,sleepy_saha,lonely_poincare,sleepy_saha@gmail.com,ROLE_ADMIN
Tressa Cruickshank Jr.,elated_sammet,gloomy_lalande,elated_sammet@gmail.com,ROLE_ADMIN
Giovanny Lakin MD,dreamy_easley,compassionate_hoover,dreamy_easley@gmail.com,ROLE_ADMIN
Reese Hudson Sr.,stoic_leakey,dreamy_brown,stoic_leakey@gmail.com,ROLE_ADMIN
Miss Twila Weissnat III,agitated_visvesvaraya,naughty_kowalevski,agitated_visvesvaraya@gmail.com,ROLE_ADMIN
Ciara Watsica,high_sinoussi,mad_poincare,high_sinoussi@gmail.com,ROLE_ADMIN
Blair Gorczany,kickass_morse,adoring_feynman,kickass_morse@gmail.com,ROLE_ADMIN
Mertie Kshlerin,gloomy_einstein,serene_goldberg,gloomy_einstein@gmail.com,ROLE_ADMIN
Cornelius Haag,stupefied_hodgkin,evil_mietner,stupefied_hodgkin@gmail.com,ROLE_ADMIN
Prof. Thaddeus Spinka,reverent_bartik,sad_bell,reverent_bartik@gmail.com,ROLE_ADMIN
Josianne Wehner,jovial_banach,elated_wright,jovial_banach@gmail.com,ROLE_ADMIN
Mireille Bauch,romantic_elion,backstabbing_stallman,romantic_elion@gmail.com,ROLE_ADMIN
Sheridan Murphy Sr.,sad_engelbart,kickass_goldstine,sad_engelbart@gmail.com,ROLE_ADMIN
Mrs. Malvina Hayes I,jolly_blackwell,stupefied_galileo,jolly_blackwell@gmail.com,ROLE_ADMIN
Sasha Koelpin II,jovial_bohr,grave_yonath,jovial_bohr@gmail.com,ROLE_ADMIN
Faye McCullough,cranky_archimedes,insane_thompson,cranky_archimedes@gmail.com,ROLE_ADMIN
Dillon Bernhard,compassionate_banach,trusting_brahmagupta,compassionate_banach@gmail.com,ROLE_ADMIN
Dr. Josephine Skiles DVM,high_mcnulty,focused_northcutt,high_mcnulty@gmail.com,ROLE_ADMIN
Deron Block I,gloomy_aryabhata,suspicious_leavitt,gloomy_aryabhata@gmail.com,ROLE_ADMIN
Arvilla Prohaska IV,reverent_swirles,jolly_mietner,reverent_swirles@gmail.com,ROLE_ADMIN
Prof. Candelario Raynor,compassionate_keller,furious_hoover,compassionate_keller@gmail.com,ROLE_ADMIN